{
  "VIceSscaled": {
    "complete-0-SnkScale0.8000-StoreScale9": 9,
    "complete-0-SnkScale1.2000-StoreScale60": 60,
    "complete-0-SnkScale0.8000-StoreScale25": 25,
    "complete-0-SnkScale1.2000-StoreScale100": 100,
    "complete-0-SnkScale1.2000-StoreScale50": 50,
    "complete-0-SnkScale1.2000-StoreScale70": 70,
    "complete-0-SnkScale0.8000-StoreScale10": 10,
    "complete-0-SnkScale0.8000-StoreScale20": 20,
    "complete-1-SnkScale0.8000-StoreScale5": 5,
    "complete-1-SnkScale0.8000-StoreScale8": 8,
    "complete-1-SnkScale1.2000-StoreScale27": 27,
    "complete-1-SnkScale1.2000-StoreScale25": 25,
    "complete-1-SnkScale0.8000-StoreScale10": 10,
    "complete-1-SnkScale0.8000-StoreScale7": 7,
    "complete-1-SnkScale1.2000-StoreScale30": 30,
    "complete-1-SnkScale1.2000-StoreScale50": 50
  },
  "VIceRatioMax": {
    "complete-0-SnkScale0.8000-StoreScale9": 75.4319790755,
    "complete-0-SnkScale1.2000-StoreScale60": 64.1699172494,
    "complete-0-SnkScale0.8000-StoreScale25": 20.3218725358,
    "complete-0-SnkScale1.2000-StoreScale100": 39.7816358631,
    "complete-0-SnkScale1.2000-StoreScale50": 74.9196889186,
    "complete-0-SnkScale1.2000-StoreScale70": 56.0862441571,
    "complete-0-SnkScale0.8000-StoreScale10": 55.4537377568,
    "complete-0-SnkScale0.8000-StoreScale20": 29.3084699852,
    "complete-1-SnkScale0.8000-StoreScale5": 53.0610513653,
    "complete-1-SnkScale0.8000-StoreScale8": 35.5690662922,
    "complete-1-SnkScale1.2000-StoreScale27": 76.2340604542,
    "complete-1-SnkScale1.2000-StoreScale25": 79.2305504005,
    "complete-1-SnkScale0.8000-StoreScale10": 29.0705886861,
    "complete-1-SnkScale0.8000-StoreScale7": 43.0371803205,
    "complete-1-SnkScale1.2000-StoreScale30": 69.8803338084,
    "complete-1-SnkScale1.2000-StoreScale50": 41.5011803295
  },
  "yearly_demand_GWh": {
    "complete-0-SnkScale0.8000-StoreScale9": 10.0,
    "complete-0-SnkScale1.2000-StoreScale60": 15.0,
    "complete-0-SnkScale0.8000-StoreScale25": 10.0,
    "complete-0-SnkScale1.2000-StoreScale100": 15.0,
    "complete-0-SnkScale1.2000-StoreScale50": 15.0,
    "complete-0-SnkScale1.2000-StoreScale70": 15.0,
    "complete-0-SnkScale0.8000-StoreScale10": 10.0,
    "complete-0-SnkScale0.8000-StoreScale20": 10.0,
    "complete-1-SnkScale0.8000-StoreScale5": 10.0,
    "complete-1-SnkScale0.8000-StoreScale8": 10.0,
    "complete-1-SnkScale1.2000-StoreScale27": 15.0,
    "complete-1-SnkScale1.2000-StoreScale25": 15.0,
    "complete-1-SnkScale0.8000-StoreScale10": 10.0,
    "complete-1-SnkScale0.8000-StoreScale7": 10.0,
    "complete-1-SnkScale1.2000-StoreScale30": 15.0,
    "complete-1-SnkScale1.2000-StoreScale50": 15.0
  },
  "ratioDHWtoSH_allSinks": {
    "complete-0-SnkScale0.8000-StoreScale9": 0.0,
    "complete-0-SnkScale1.2000-StoreScale60": 0.0,
    "complete-0-SnkScale0.8000-StoreScale25": 0.0,
    "complete-0-SnkScale1.2000-StoreScale100": 0.0,
    "complete-0-SnkScale1.2000-StoreScale50": 0.0,
    "complete-0-SnkScale1.2000-StoreScale70": 0.0,
    "complete-0-SnkScale0.8000-StoreScale10": 0.0,
    "complete-0-SnkScale0.8000-StoreScale20": 0.0,
    "complete-1-SnkScale0.8000-StoreScale5": 0.125,
    "complete-1-SnkScale0.8000-StoreScale8": 0.125,
    "complete-1-SnkScale1.2000-StoreScale27": 0.125,
    "complete-1-SnkScale1.2000-StoreScale25": 0.125,
    "complete-1-SnkScale0.8000-StoreScale10": 0.125,
    "complete-1-SnkScale0.8000-StoreScale7": 0.125,
    "complete-1-SnkScale1.2000-StoreScale30": 0.125,
    "complete-1-SnkScale1.2000-StoreScale50": 0.125
  }
}